k,silhouette_score,gap_statistic,gap_std
2,0.007000322414361,2.175468022869654,8.618972347058122e-05
3,0.0050788264625545,2.1813969038607883,7.827980814916995e-05
4,0.0045835784073213,2.18670021753048,7.573966558074853e-05
5,0.0029306283944398,2.1908957011988903,9.34968593108984e-05
6,0.0026633132483796,2.194299971561552,8.522316366088966e-05
7,0.0014677841029232374,2.1968541501086447,8.061484448909848e-05
8,0.0010460276184001,2.199325913617808,9.128994104645144e-05
9,0.0013727122024217,2.201419573438047,8.444725691347622e-05
