k,silhouette_score,gap_statistic,gap_std
2,0.007000322414361052,2.17547962729605,9.132279554296687e-05
3,0.0050788264625545,2.1813863500609987,9.09737204616698e-05
4,0.0045835784073213,2.186689062558549,8.56003075650182e-05
5,0.0029306283944398,2.190899871708272,8.69607602940588e-05
6,0.0026633132483796,2.194313997663567,9.512256415764467e-05
7,0.0014677841029232,2.1968265118933923,7.514468209120127e-05
8,0.0010460276184001,2.199313921216837,0.0001048852654762
9,0.0013727122024217,2.2014307230312617,9.190862685103025e-05
